/*
 Navicat Premium Data Transfer

 Source Server         : 阿里云ECS
 Source Server Type    : MySQL
 Source Server Version : 80032 (8.0.32-0ubuntu0.20.04.2)
 Source Host           : 101.132.152.202:3306
 Source Schema         : wechat

 Target Server Type    : MySQL
 Target Server Version : 80032 (8.0.32-0ubuntu0.20.04.2)
 File Encoding         : 65001

 Date: 25/03/2023 10:45:32
*/

SET NAMES utf8mb4;
SET FOREIGN_KEY_CHECKS = 0;

-- ----------------------------
-- Table structure for attendance
-- ----------------------------
DROP TABLE IF EXISTS `attendance`;
CREATE TABLE `attendance`  (
  `staff_id` int NOT NULL,
  `date` date NOT NULL,
  `salary` int NULL DEFAULT 0,
  `am_type` int NULL DEFAULT NULL COMMENT '0-未打卡 1-打卡 2-异常',
  `pm_type` int NULL DEFAULT NULL COMMENT '0-未打卡 1-打卡 2-异常',
  `clock_in_time` datetime NULL DEFAULT NULL,
  `clock_out_time` datetime NULL DEFAULT NULL,
  `am_address` varchar(255) CHARACTER SET utf8mb4 COLLATE utf8mb4_0900_ai_ci NULL DEFAULT NULL,
  `pm_address` varchar(255) CHARACTER SET utf8mb4 COLLATE utf8mb4_0900_ai_ci NULL DEFAULT NULL,
  PRIMARY KEY (`staff_id`, `date`) USING BTREE
) ENGINE = InnoDB CHARACTER SET = utf8mb4 COLLATE = utf8mb4_0900_ai_ci ROW_FORMAT = Dynamic;

-- ----------------------------
-- Records of attendance
-- ----------------------------
INSERT INTO `attendance` VALUES (2, '2023-03-23', 0, 2, 1, '2023-03-23 13:28:54', '2023-03-23 17:34:30', '', '东南大学苏州研究院');
INSERT INTO `attendance` VALUES (3, '2023-03-24', 0, 0, 0, NULL, NULL, '', '');
INSERT INTO `attendance` VALUES (8, '2023-03-24', 0, 0, 1, NULL, '2023-03-24 18:20:15', '', '东南大学苏州研究院');
INSERT INTO `attendance` VALUES (1116, '2022-12-01', NULL, 2, 2, '2023-03-22 10:00:00', '2023-03-22 16:06:00', NULL, NULL);
INSERT INTO `attendance` VALUES (1116, '2023-03-02', NULL, 1, 1, '2023-03-02 09:02:00', '2023-03-02 13:03:00', NULL, NULL);
INSERT INTO `attendance` VALUES (1116, '2023-03-18', NULL, 1, 2, '2023-03-21 09:00:00', '2023-03-21 16:06:00', NULL, NULL);
INSERT INTO `attendance` VALUES (1116, '2023-03-19', NULL, 0, 1, '2023-03-21 10:00:00', '2023-03-21 16:06:00', NULL, NULL);
INSERT INTO `attendance` VALUES (1116, '2023-03-20', NULL, 1, 1, '2023-03-21 10:00:00', '2023-03-21 16:06:00', NULL, NULL);
INSERT INTO `attendance` VALUES (1116, '2023-03-21', NULL, 1, 1, '2023-03-21 10:00:00', '2023-03-21 16:06:00', NULL, NULL);
INSERT INTO `attendance` VALUES (1699, '2023-03-24', 0, 0, 1, NULL, '2023-03-24 17:42:37', '', '东南大学苏州研究院');
INSERT INTO `attendance` VALUES (1992, '2023-03-23', 0, 0, 0, NULL, NULL, '', '');
INSERT INTO `attendance` VALUES (1992, '2023-03-24', 0, 0, 0, NULL, NULL, '', '');
INSERT INTO `attendance` VALUES (7411, '2023-03-24', 0, 0, 2, NULL, '2023-03-24 14:49:08', '', '东南大学苏州研究院');
INSERT INTO `attendance` VALUES (9446, '2023-03-24', 0, 0, 2, NULL, '2023-03-24 14:06:28', '', '东南大学苏州研究院');
INSERT INTO `attendance` VALUES (12138, '2023-03-23', 0, 1, 1, '2023-03-23 05:53:54', '2023-03-23 14:18:44', '', '东南大学苏州研究院');
INSERT INTO `attendance` VALUES (12138, '2023-03-24', 0, 0, 1, NULL, '2023-03-24 15:00:02', '', '东南大学苏州研究院');

-- ----------------------------
-- Table structure for attendance_appeal
-- ----------------------------
DROP TABLE IF EXISTS `attendance_appeal`;
CREATE TABLE `attendance_appeal`  (
  `id` int NOT NULL AUTO_INCREMENT,
  `staff_id` int NULL DEFAULT NULL,
  `date` date NULL DEFAULT NULL,
  `appeal_reason` varchar(255) CHARACTER SET utf8mb4 COLLATE utf8mb4_0900_ai_ci NULL DEFAULT NULL,
  `state` int NULL DEFAULT NULL,
  `reject_reason` varchar(255) CHARACTER SET utf8mb4 COLLATE utf8mb4_0900_ai_ci NULL DEFAULT NULL,
  `time_state` int NULL DEFAULT NULL COMMENT '0-上午 1-下午',
  `category` int NULL DEFAULT NULL COMMENT '0-打卡失败 1-打卡异常',
  PRIMARY KEY (`id`) USING BTREE
) ENGINE = InnoDB AUTO_INCREMENT = 40 CHARACTER SET = utf8mb4 COLLATE = utf8mb4_0900_ai_ci ROW_FORMAT = Dynamic;

-- ----------------------------
-- Records of attendance_appeal
-- ----------------------------
INSERT INTO `attendance_appeal` VALUES (1, 12138, '2023-03-23', '23号上班补卡', 0, NULL, 0, 1);
INSERT INTO `attendance_appeal` VALUES (2, 12138, '2023-03-23', '23号上班补卡', 1, NULL, 1, 1);
INSERT INTO `attendance_appeal` VALUES (3, 12138, '2023-03-23', '上班补卡', 0, NULL, 0, 0);
INSERT INTO `attendance_appeal` VALUES (4, 12138, '2023-03-23', '上班补卡', 0, NULL, 1, 0);
INSERT INTO `attendance_appeal` VALUES (5, 12138, '2023-03-22', '22_23', 1, NULL, 1, 1);
INSERT INTO `attendance_appeal` VALUES (6, 12138, '2023-03-23', '22_23', 1, NULL, 0, 1);
INSERT INTO `attendance_appeal` VALUES (7, 12138, '2023-03-23', '22_23', 2, 'f-ing', 1, 1);
INSERT INTO `attendance_appeal` VALUES (8, 12138, '2023-03-23', '111', 2, 'f-ing', 0, 1);
INSERT INTO `attendance_appeal` VALUES (9, 12138, '2023-03-23', '111', 2, 'f-ing', 1, 1);
INSERT INTO `attendance_appeal` VALUES (10, 6, '2023-03-13', '', 0, NULL, 0, 1);
INSERT INTO `attendance_appeal` VALUES (11, 6, '2023-03-13', '', 0, NULL, 1, 1);
INSERT INTO `attendance_appeal` VALUES (12, 6, '2023-03-14', '', 0, NULL, 0, 1);
INSERT INTO `attendance_appeal` VALUES (13, 6, '2023-03-14', '', 0, NULL, 1, 1);
INSERT INTO `attendance_appeal` VALUES (14, 6, '2023-03-15', '', 0, NULL, 0, 1);
INSERT INTO `attendance_appeal` VALUES (15, 6, '2023-03-15', '', 0, NULL, 1, 1);
INSERT INTO `attendance_appeal` VALUES (16, 6, '2023-03-16', '', 0, NULL, 0, 1);
INSERT INTO `attendance_appeal` VALUES (17, 6, '2023-03-16', '', 0, NULL, 1, 1);
INSERT INTO `attendance_appeal` VALUES (18, 6, '2023-03-17', '', 0, NULL, 0, 1);
INSERT INTO `attendance_appeal` VALUES (19, 6, '2023-03-17', '', 0, NULL, 1, 1);
INSERT INTO `attendance_appeal` VALUES (20, 6, '2023-03-18', '', 0, NULL, 0, 1);
INSERT INTO `attendance_appeal` VALUES (21, 6, '2023-03-18', '', 0, NULL, 1, 1);
INSERT INTO `attendance_appeal` VALUES (22, 6, '2023-03-19', '', 0, NULL, 0, 1);
INSERT INTO `attendance_appeal` VALUES (23, 6, '2023-03-19', '', 0, NULL, 1, 1);
INSERT INTO `attendance_appeal` VALUES (24, 12138, '2023-03-23', '11111', 0, NULL, 0, 1);
INSERT INTO `attendance_appeal` VALUES (25, 12138, '2023-03-19', '11111', 0, NULL, 1, 1);
INSERT INTO `attendance_appeal` VALUES (26, 12138, '2023-03-20', '11111', 0, NULL, 1, 1);
INSERT INTO `attendance_appeal` VALUES (27, 12138, '2023-03-24', '打卡', 0, NULL, 0, 0);
INSERT INTO `attendance_appeal` VALUES (28, 1992, '2023-03-24', 'kkk', 0, NULL, 0, 1);
INSERT INTO `attendance_appeal` VALUES (29, 1992, '2023-03-24', 'kkk', 0, NULL, 1, 1);
INSERT INTO `attendance_appeal` VALUES (30, 9446, '2023-03-24', '识别失败', 0, NULL, 1, 0);
INSERT INTO `attendance_appeal` VALUES (31, 7411, '2023-03-24', '', 0, NULL, 0, 1);
INSERT INTO `attendance_appeal` VALUES (32, 7411, '2023-03-24', '', 0, NULL, 1, 1);
INSERT INTO `attendance_appeal` VALUES (33, 7411, '2023-03-24', '', 0, NULL, 0, 1);
INSERT INTO `attendance_appeal` VALUES (34, 7411, '2023-03-24', '', 0, NULL, 1, 1);
INSERT INTO `attendance_appeal` VALUES (35, 7411, '2023-03-24', '', 0, NULL, 0, 1);
INSERT INTO `attendance_appeal` VALUES (36, 7411, '2023-03-24', '', 0, NULL, 1, 1);
INSERT INTO `attendance_appeal` VALUES (37, 8, '2023-03-24', '1537738484849', 0, NULL, 1, 0);
INSERT INTO `attendance_appeal` VALUES (38, 1699, '2023-03-24', '上午忘记打卡', 0, NULL, 0, 1);
INSERT INTO `attendance_appeal` VALUES (39, 1699, '2023-03-24', '上午忘记打卡', 0, NULL, 1, 1);

-- ----------------------------
-- Table structure for corporation
-- ----------------------------
DROP TABLE IF EXISTS `corporation`;
CREATE TABLE `corporation`  (
  `id` int NOT NULL AUTO_INCREMENT,
  `name` varchar(255) CHARACTER SET utf8mb4 COLLATE utf8mb4_0900_ai_ci NULL DEFAULT NULL,
  `notice` text CHARACTER SET utf8mb4 COLLATE utf8mb4_0900_ai_ci NULL,
  `address` text CHARACTER SET utf8mb4 COLLATE utf8mb4_0900_ai_ci NULL,
  PRIMARY KEY (`id`) USING BTREE
) ENGINE = InnoDB AUTO_INCREMENT = 2 CHARACTER SET = utf8mb4 COLLATE = utf8mb4_0900_ai_ci ROW_FORMAT = Dynamic;

-- ----------------------------
-- Records of corporation
-- ----------------------------
INSERT INTO `corporation` VALUES (1, '职业发展shirley公司', '派大星！！！！！', '北京海淀中关村');

-- ----------------------------
-- Table structure for department
-- ----------------------------
DROP TABLE IF EXISTS `department`;
CREATE TABLE `department`  (
  `department_id` int NOT NULL AUTO_INCREMENT,
  `department_name` varchar(255) CHARACTER SET utf8mb4 COLLATE utf8mb4_0900_ai_ci NULL DEFAULT NULL,
  `notice` varchar(255) CHARACTER SET utf8mb4 COLLATE utf8mb4_0900_ai_ci NULL DEFAULT NULL,
  `clock_in_start` time NULL DEFAULT NULL,
  `clock_in_end` time NULL DEFAULT NULL,
  `clock_out_start` time NULL DEFAULT NULL,
  `clock_out_end` time NULL DEFAULT NULL,
  PRIMARY KEY (`department_id`) USING BTREE
) ENGINE = InnoDB AUTO_INCREMENT = 7 CHARACTER SET = utf8mb4 COLLATE = utf8mb4_0900_ai_ci ROW_FORMAT = Dynamic;

-- ----------------------------
-- Records of department
-- ----------------------------
INSERT INTO `department` VALUES (1, '开发部', '📢公告：请在打卡时间内进行打卡，上班（下班）打卡时间段之后（之前）1小时属于迟到（早退），其余时间禁止打卡！', '09:00:00', '11:59:59', '17:00:00', '18:59:59');
INSERT INTO `department` VALUES (2, '未来发展中心', '📢公告：请在打卡时间内进行打卡，上班（下班）打卡时间段之后（之前）1小时属于迟到（早退），其余时间禁止打卡！', '09:00:00', '09:59:59', '15:14:50', '18:59:59');
INSERT INTO `department` VALUES (3, '人事处', '📢公告：请在打卡时间内进行打卡，上班（下班）打卡时间段之后（之前）1小时属于迟到（早退），其余时间禁止打卡！', '09:00:00', '09:59:59', '15:00:00', '18:59:59');
INSERT INTO `department` VALUES (4, '管理中心', '📢公告：请在打卡时间内进行打卡，上班（下班）打卡时间段之后（之前）1小时属于迟到（早退），其余时间禁止打卡！', '00:00:00', '23:59:59', '00:00:00', '23:59:59');
INSERT INTO `department` VALUES (6, '服务中心', 'notice：缺人ing！！！', '00:00:00', '23:59:59', '00:00:00', '23:59:59');

-- ----------------------------
-- Table structure for user
-- ----------------------------
DROP TABLE IF EXISTS `user`;
CREATE TABLE `user`  (
  `id` int NOT NULL AUTO_INCREMENT,
  `staff_id` int NOT NULL,
  `password` varchar(255) CHARACTER SET utf8mb4 COLLATE utf8mb4_0900_ai_ci NULL DEFAULT NULL,
  `name` varchar(255) CHARACTER SET utf8mb4 COLLATE utf8mb4_0900_ai_ci NULL DEFAULT NULL,
  `age` int NULL DEFAULT NULL,
  `type` int NULL DEFAULT NULL,
  `reg_time` datetime NULL DEFAULT NULL,
  `login_time` bigint NULL DEFAULT NULL,
  `department_id` int NULL DEFAULT NULL,
  `face_info` blob NULL,
  `openid` varchar(60) CHARACTER SET utf8mb4 COLLATE utf8mb4_0900_ai_ci NULL DEFAULT NULL,
  PRIMARY KEY (`id`, `staff_id`) USING BTREE
) ENGINE = InnoDB AUTO_INCREMENT = 46 CHARACTER SET = utf8mb4 COLLATE = utf8mb4_0900_ai_ci ROW_FORMAT = Dynamic;

-- ----------------------------
-- Records of user
-- ----------------------------
INSERT INTO `user` VALUES (1, 1112, 'pbkdf2:sha256:260000$Yep1WFwoxQBGFYLw$01893e14883831141e9a938d61bd429d8b81cc604215d92477fd8d06e98e097b', 'new', 12, 2, NULL, 1679712141, 1, NULL, NULL);
INSERT INTO `user` VALUES (2, 1113, 'pbkdf2:sha256:260000$hvVu1ZpZTtY7tJwO$1d67c7add13fc9f9f6a61d2391859ea60870815f71c046cbd80c31b5f4fbd27e', 'new', 0, 2, '2023-03-23 11:54:36', NULL, 1, NULL, NULL);
INSERT INTO `user` VALUES (3, 1114, 'pbkdf2:sha256:260000$0mUWax2ABcufs53v$56e2ff2723f3e4af9c7cac13718e686aea2090c778df0a12910f6f90b42021e2', 'new', 0, 1, '2023-03-23 11:56:31', NULL, 2, NULL, NULL);
INSERT INTO `user` VALUES (4, 1115, 'pbkdf2:sha256:260000$raDgHmYRUsuqBwAo$b1b446dc2dde1126d90b691d70838178de410f61a847b3cad3144800ae54646f', 'new', 12, 1, '2023-03-23 13:04:35', NULL, 1, NULL, NULL);
INSERT INTO `user` VALUES (5, 1116, 'pbkdf2:sha256:260000$recQBwER7QHwzFNT$c64b7ae520a2d5ab538f456f03ad75b6949e87e683280bfd11a834f5f60f89f3', 'zx', 12, 1, '2023-03-23 13:06:51', NULL, 1, NULL, NULL);
INSERT INTO `user` VALUES (6, 1117, 'pbkdf2:sha256:260000$zkeJAxyPDjHmAHOP$5df780605d495465f2222509e4b57faba5dd79b26abac55c107a5dc4d07212e3', 'zx', 12, 1, '2023-03-23 13:14:08', NULL, 1, NULL, NULL);
INSERT INTO `user` VALUES (7, 1119, 'pbkdf2:sha256:260000$ZWghNTupmYpe2mow$acf0bc4043185b89b3417349142dd0bd4fcf608be52121dfef37a19fcae987e3', 'new', 0, 3, '2023-03-23 13:14:41', NULL, 1, NULL, NULL);
INSERT INTO `user` VALUES (9, 1118, 'pbkdf2:sha256:260000$uUdLuhMYBTDzP2tV$7c7a3c32c4c14344a21999cf3cf395f5bac317a6fb1033a27046a98bbb5f8e40', 'zfff', 13, 2, '2023-03-23 14:44:18', NULL, 1, NULL, NULL);
INSERT INTO `user` VALUES (11, 7410, '123456', NULL, NULL, NULL, NULL, NULL, 2, NULL, NULL);
INSERT INTO `user` VALUES (13, 2, 'pbkdf2:sha256:260000$WQFlhbPv4IaJvhnK$ae02962fd74e84ccd57952421b80ea62cf56968ce634d86f407fe0d921845219', '11112212', 0, 1, '2023-03-23 17:32:39', NULL, 1, 0xD02C533DC37DD23B6DC7A03DF0EDC7BD42B5C63C964917BC1CD202BC8F5D383D2DC47ABDD5C347BD1C50A2BC59F7963BD9F6FBBC6D86D03D1BD1633DFC148ABDD4E9BF3DDEB4ABBDC2ADA83C14DF2A3CA2A1243DE19FDEBC179472BDCB7B8EBD4C486A3DC18A0C3CDCEF33BD222F2BBC3676C1BC9A17E53CB955993B99F5933D025B10BDEFF2333C168F3EBDB1C9D83C6052553D17FA593D094391BC3F0255BDFA373B3C6C0C33BDFCB900BC44F2CB3CF820903B28F43A3D75DD20BC458894BD245F113D58DA4EBD2F35AD3C04C4A8BA1F9F14BD7139C6BCD3D55A3C74D39ABCC71BF3BBB1C0393CB52DAEBC82D4D73CAEFFD43D79C43CBA725A66BC579BB7BCE3F1073CCBA9BDBC853D6FBCAEAE8A3B38ADFFBCBA118D3DF7491E3CF52ECC3C460F5FBC0BCF59BDF085553DC91584BDC495273D41099E3C51261C3CB89C83BB479416BD8D976DBDFD13C6BD6900C7BC77340C3D4D88FF3CD342293B78B7F03C50BAF0BC5F9FC7BC127F153C0D41A5BC4A3A823DFDB4223DF7B8BCBDD0D373BD6DFCE63CB323A23C27CC48BD1E0CF03C7F498CBCBFA1C4BC4B22943C033E1EBDEFE5B03D176B0E3D9C17063D7AFE4B3D350818BCC604903DBF5AF2BCF0EF3FBD905BDC3C5894A73CE4057ABCBB14163C3CA4B738CBC8B2BDA6DF8C3CDE2AED3CDFE44C3D3B56923C2B4989BD95B19B3C752668BB076E0A3D7120183C7DAF34BCA809B6BDDBD9BA3D75AC58BD3314643D8EAF263CE22C3E3C0FD1983C65520F3BB605AA3B761D8FBC57C4023C24B75C3D62B7C7BC09B24CBD2F2C10BD85E6523DBEC7ACBDFA7E153DE2DBB83C4A6FBEBCC6EFC9BC944C46BDD649E53C2E6B97BC99EE453DEF7095BC8909C7BC0E76F23B3447563D645EC0BC58F28CBD93130EBD2175823D03A926BD259A05BCD1F2EB3B6206013C1D6375BC624806BC162193BD7ABE473CD9D0CC3C4A2F933C46863F3D557BF3BD9CA0EA3C354789BD3A48483C5CE8AD3D8D5FD53C3E176A3D3850FB3D297DD53D8B5472BC22A2453CF95599BCB003C93CF706083CDFB42CBD892E39BDAAF288BC7BA00CBDFCF2AABD5EF2593DFB8D723DB1E50E3D97975EBD2686F5BCA1FA0F3D50256CBD0CAE0FBC56FE003C8A5E5C3D655FE73CE4F236BB84171A3CDF12073D7B6689BD4E9A633D121C7A3CB218093D6C210F3DCD74D83C68048C3D33C62B3D3FB44BBC1CB6873C0406213D24FC1DBD9B08F0BCA2485EBD0A2D1EBC4CD0AF3BBC57A9BC75915DBDEB63F7BC4202AD3C97A866BC50B1383DDAC74CBD5E3D813DEF90A73B3E4E843C8BFC07BD56D983BDE682AF3D5AFFC3BBF9129DBDE1D948BC5FA81B3D67FE82BDD8878C3CCF56AC3D76E2153D3B4E86BCE17B9D3DAF2A493C932B0B3D839E0A3D20B3A73CABDD0CBDDB2F40BDB726B03D8500E7BCFC58733D1B5A15BD652392BDCD6F58BDD37103BDDD135DBD945D563D03B85BBD675527BDE1EA5CBC495C7F3B920EE83C405C82BD23127D3DDD3DADBD6DC67BBD04B4793DDDEA843BCB412A3DCB7F7C3CCFE4193C5378783CB2902A3CC874093D24F89BBC0D5F27BD75642FBD6830233C8BE64E3CF756573DA2C0323D269860BCD6FCF8BC3F52BF3CDB73203D678FC9BC40C2C3BCEA06853D8D45B0BC68A3CA3B1E9A9DBCF4B4AFBCA638323C7CA54ABD3AAF803DE2BD993BC3B3FC3C9D96063D4F9FA63CDC59293D9DD7D33D940EDC3BB993B4BD940F2D3C23CF3D3D12E066BD3C9BB03D4BAA7EBCF0DDC23DE3D45FBC39F5173D0D9A683D328A333DE8B73D3DCAF113BD491303BD02DE9CBC841BEBBB4D7E163DBA0F15BC412B2F3DB2EF5CBAE45466BC5DA69CBD469F12BD8128633D19403E3D5B371ABC4C46DEBC11C08BBD9086FFBC414E00BEB4986EBC759A2DBC9F941EBC2549D03C957B8B3D5D5444BD097219BB93CC143D977DE93C23EEF1BC2FE69A3D91C69FBD5D7D003DA3136B3D048ABE3C7C5424BDEB83AD3C6CB9203D9810803BB61787BDDF40D0BC0E84583B853A663BC298D4B9B8D527BDBBF5093C8B0A253D5880EBBB22F059BDE1AABF3C597989BD395C203D2AEC92BD7F0A8F3D89BD903A4899F9BC247E7ABD74343DBD3F9B10BD1F92F3BCC73C09BA025B4EBD0E9645BAC7931D3DB9C1063D191AE13BF1DCEA3C1E5721BD9A0E823D2C82C53DB8ACCF39CE70973CE2D9023D558837BD74E1E1BC3031B63C0421DEBC335316BD734F65BD6C16423D8A82113DB50CD03C4AFFF6BC890A523D5452A9BC5C444FBDC5F43CBD88018B3D5A49603C955C9CBDF5514FBBADB464BD340A643D29FD26BD4E6BC6BDA5B7183C620F60BD0B09823D75585EBDE7AF99BC01BC69BC504884BC5AD4CEBA7B1C46BB74873BBB0CD970BD30C00A3B84C6683DCF9713BD17864ABD87D5553D4FE9D13DE70589BCFD759BBCAB74D63CC08929BD3DA981BD01D680BD3497E43C1CE7413DA5B6A9BC8224D6BAE6E62BBC5C698A3DA69365BD8A1CAE3B469634BCEB7E2CBDB5E888BD7EE02B3D05B975BDBA225E3B67FC993C33F00CBDF77F933DE81A253A92DB163D87764D3D923407BBE2B8A93D2C3047BD6C2279BDC156D739148C83BC8D7F33BC39F6223DF4995D3CE201C1BCCAE55B3C62DDA73DC77E023DD89DC8BC625EF1BCC8F41E3DB87BA0BD1185E7BC8BB93EBA9C4870BC8BF80C3BB5C1F2BC9AD8913C0D9C1F3D3E63323D36B1DABCEB2143BB0F0EBA3B6CA6633C82CA563D6A5E90BD756416BE607D3DBDE15C8E3C403E7FBD0C931B3DE078B1BD2316AA3C236657BC51BE12BD9473CABBF064583DC9B1043C0F4FE33C3019DCBC57A29CBDB0F0EBBA0658493D1745C63DCB2DFE3C5216983CB0BDE5BC6700C7BC8F2D1EBD5CC632BD140937BA6A9A0EBCB66591BC1FD6C53B17C0B63D, '');
INSERT INTO `user` VALUES (18, 1120, 'pbkdf2:sha256:260000$vqoWebnQL95XjeGT$6a564c9e57b9cb08317b33cfd446bbf3a8b0d6a947903ca9f845788c03aadbbe', 'z', 12, 1, '2023-03-24 09:05:29', NULL, 1, NULL, '');
INSERT INTO `user` VALUES (19, 1121, 'pbkdf2:sha256:260000$vqoWebnQL95XjeGT$6a564c9e57b9cb08317b33cfd446bbf3a8b0d6a947903ca9f845788c03aadbbe', 'z', 12, 1, '2023-03-24 09:05:29', NULL, 1, NULL, '');
INSERT INTO `user` VALUES (20, 1122, 'pbkdf2:sha256:260000$vqoWebnQL95XjeGT$6a564c9e57b9cb08317b33cfd446bbf3a8b0d6a947903ca9f845788c03aadbbe', 'z', 12, 1, '2023-03-24 09:05:29', NULL, 1, NULL, '');
INSERT INTO `user` VALUES (21, 1123, 'pbkdf2:sha256:260000$vqoWebnQL95XjeGT$6a564c9e57b9cb08317b33cfd446bbf3a8b0d6a947903ca9f845788c03aadbbe', 'z', 12, 1, '2023-03-24 09:05:29', NULL, 1, NULL, '');
INSERT INTO `user` VALUES (22, 1124, 'pbkdf2:sha256:260000$vqoWebnQL95XjeGT$6a564c9e57b9cb08317b33cfd446bbf3a8b0d6a947903ca9f845788c03aadbbe', 'z', 12, 1, '2023-03-24 09:05:29', NULL, 1, NULL, '');
INSERT INTO `user` VALUES (23, 1125, 'pbkdf2:sha256:260000$vqoWebnQL95XjeGT$6a564c9e57b9cb08317b33cfd446bbf3a8b0d6a947903ca9f845788c03aadbbe', 'z', 12, 1, '2023-03-24 09:05:29', NULL, 1, NULL, '');
INSERT INTO `user` VALUES (24, 1126, 'pbkdf2:sha256:260000$vqoWebnQL95XjeGT$6a564c9e57b9cb08317b33cfd446bbf3a8b0d6a947903ca9f845788c03aadbbe', 'z', 12, 1, '2023-03-24 09:05:29', NULL, 1, NULL, '');
INSERT INTO `user` VALUES (25, 1127, 'pbkdf2:sha256:260000$vqoWebnQL95XjeGT$6a564c9e57b9cb08317b33cfd446bbf3a8b0d6a947903ca9f845788c03aadbbe', 'z', 12, 1, '2023-03-24 09:05:29', NULL, 1, NULL, '');
INSERT INTO `user` VALUES (26, 1128, 'pbkdf2:sha256:260000$vqoWebnQL95XjeGT$6a564c9e57b9cb08317b33cfd446bbf3a8b0d6a947903ca9f845788c03aadbbe', 'z', 12, 1, '2023-03-24 09:05:29', NULL, 1, NULL, '');
INSERT INTO `user` VALUES (27, 1129, 'pbkdf2:sha256:260000$vqoWebnQL95XjeGT$6a564c9e57b9cb08317b33cfd446bbf3a8b0d6a947903ca9f845788c03aadbbe', 'z', 12, 1, '2023-03-24 09:05:29', NULL, 1, NULL, '');
INSERT INTO `user` VALUES (28, 1130, 'pbkdf2:sha256:260000$vqoWebnQL95XjeGT$6a564c9e57b9cb08317b33cfd446bbf3a8b0d6a947903ca9f845788c03aadbbe', 'z', 12, 1, '2023-03-24 09:05:29', NULL, 1, NULL, '');
INSERT INTO `user` VALUES (29, 1140, 'pbkdf2:sha256:260000$vqoWebnQL95XjeGT$6a564c9e57b9cb08317b33cfd446bbf3a8b0d6a947903ca9f845788c03aadbbe', 'z', 12, 1, '2023-03-24 09:05:29', NULL, 1, NULL, '');
INSERT INTO `user` VALUES (30, 1139, 'pbkdf2:sha256:260000$vqoWebnQL95XjeGT$6a564c9e57b9cb08317b33cfd446bbf3a8b0d6a947903ca9f845788c03aadbbe', 'z', 12, 1, '2023-03-24 09:05:29', NULL, 1, NULL, '');
INSERT INTO `user` VALUES (31, 1138, 'pbkdf2:sha256:260000$vqoWebnQL95XjeGT$6a564c9e57b9cb08317b33cfd446bbf3a8b0d6a947903ca9f845788c03aadbbe', 'z', 12, 1, '2023-03-24 09:05:29', NULL, 1, NULL, '');
INSERT INTO `user` VALUES (32, 1137, 'pbkdf2:sha256:260000$vqoWebnQL95XjeGT$6a564c9e57b9cb08317b33cfd446bbf3a8b0d6a947903ca9f845788c03aadbbe', 'z', 12, 1, '2023-03-24 09:05:29', NULL, 1, NULL, '');
INSERT INTO `user` VALUES (33, 1136, 'pbkdf2:sha256:260000$vqoWebnQL95XjeGT$6a564c9e57b9cb08317b33cfd446bbf3a8b0d6a947903ca9f845788c03aadbbe', 'z', 12, 1, '2023-03-24 09:05:29', NULL, 1, NULL, '');
INSERT INTO `user` VALUES (34, 1135, 'pbkdf2:sha256:260000$vqoWebnQL95XjeGT$6a564c9e57b9cb08317b33cfd446bbf3a8b0d6a947903ca9f845788c03aadbbe', 'z', 12, 1, '2023-03-24 09:05:29', NULL, 1, NULL, '');
INSERT INTO `user` VALUES (35, 1134, 'pbkdf2:sha256:260000$vqoWebnQL95XjeGT$6a564c9e57b9cb08317b33cfd446bbf3a8b0d6a947903ca9f845788c03aadbbe', 'z', 12, 1, '2023-03-24 09:05:29', NULL, 1, NULL, '');
INSERT INTO `user` VALUES (36, 1133, 'pbkdf2:sha256:260000$vqoWebnQL95XjeGT$6a564c9e57b9cb08317b33cfd446bbf3a8b0d6a947903ca9f845788c03aadbbe', 'z', 12, 1, '2023-03-24 09:05:29', NULL, 1, NULL, '');
INSERT INTO `user` VALUES (37, 1132, 'pbkdf2:sha256:260000$vqoWebnQL95XjeGT$6a564c9e57b9cb08317b33cfd446bbf3a8b0d6a947903ca9f845788c03aadbbe', 'z', 12, 1, '2023-03-24 09:05:29', NULL, 1, NULL, '');
INSERT INTO `user` VALUES (38, 1131, 'pbkdf2:sha256:260000$vqoWebnQL95XjeGT$6a564c9e57b9cb08317b33cfd446bbf3a8b0d6a947903ca9f845788c03aadbbe', 'z', 12, 1, '2023-03-24 09:05:29', NULL, 1, NULL, '');
INSERT INTO `user` VALUES (40, 7411, 'pbkdf2:sha256:260000$22q6GsJPNfEvdXPn$a354088800bd0fe5079509b0982dea3d21f1569ee696fd170a7cc36160841c03', 'tyz', 0, 1, '2023-03-24 14:47:10', NULL, 1, 0x7D911B3D96B0B13CCA8F63BCA285D6BD7F6E6ABDF6C9C8BCE2DC6DBC30FAA43C0F67D3BCB39D8A3B8DB10C3C57AC693DFDD25EBDCA4FA93BBC62223DC462BFBD6829BD3DA0442C3C566DA9BC1CA2EABC930F1E3D958422BDA91A743C54711FBBB0E2023C6F81F93C33A06DBD07E6A03BA4DBCABDC0DA523DC33FAE3B2525703CA9C7A23C59EA3BBC6A34F3BC8690083DE6775F3D90FA533DA5E7653C84DBBFBC21D39CBDA14FD2BB2B0E8C3DD16C0ABD24E79E3BC5432E3D06CA62BD556F2ABDC131473CBF8A8CBDC0709F3C5AD5DCBC8A47B1BC59C5163D0EB89D3DC16CBDBBCDDE13BC53EA6ABCF76B67BBB38849BB554C993BFC301CBD09CE45BD863520BDD6580BBBF15EC5BCB3D68BBD3BB695BD90769EBD1D8A683C10164ABAE552703CBFC3D7BD098592BD4BBD82BBCDEEED398AFC033D4FFFAF3C4F17A63CBE9D43BD6D7D8BBDA14322BDCF6302BDF4EC52BC26C2C53C9C2CBF3C75BCDD3BF908ACBC55622DBC5E4A0A3DB7C1B13C84BC5CBB47C9273DFC5C70BCC35817BE127ED8BC5223C73D702ACA3DFEAA293C0B5B143D0C703CBDEBFDE8BC56CE263DD0DE283D98BEE23C12627CBC437D763DF9F4923CFABE083D3ED8923D8E70A0BC6AAF27BDDDD9EF3BB0503CBD5BAB3B3D63E366BCE58F993DCDA476BDF556A1BC1DD125BCB0E4B83B2E0161BBC874CABDB05C853CE45F99BD2CF57BBBE0CB32BDE2F02FBD4CBD20BD0C79873C08379CBD95FBE73DD562823B0E54193D884CE73C5FEA04BDBC1C15BC5D64B63C6165833D0508AEBC5501BA3C38633FBDB53FEB3AA2868CBB562481BD6F3A1ABD133E5E3D0140DC3CA484833B9B708D3C55ACA43BFC994BBD2254893DDDB5983AE92B10BD9841A3BDC867E83B107447BD736312BDFB6D7BBC3696E03DD565C3BC36F6A2BAEB9DE53CC1CFD7BB61CE833C1EE31FBD239CCBBB7AF9AC3915C7F6BC6CCFC53CF9FFE53B6EE632BD00D8FA3CF3536CBDB797113DC645EC3DE52BA43BA0CC893C6EDED63C5927403C949B74BD5CD447BDB2F048BD146D49BD41455ABC6A7810BE82A924BBC8C4873C0020EEBCB9B5B1BDE63F4FBC10E8A33CC00EB6BC227322BDCBCB86BD710118BCA2A045BCFB9A1DBDDAC57DBBAA73D33CBDB5D13CB9D8C9BCB838653AE6C1C2BBEC78D4BC04F1823D15DF3F3CA29DE33D1B22C03971D1033C1D3928BD6C24583D5707693DF79263BD085AE23B0A9E82BD73DB24BDA3E89EBD768E7CBCF023623B5345613B1405FDBCABD7183CAC15183D964D8E3D5F57523D187606BC68FBEB3DFAF30C3B4364B2BCEA52C83C203D92BB0CCF3C3DDA4BC63CD222A6BCBCDE233DD955DA3DDD2892BD66693E3D50C4293D0B0E4A3D4C00573DE604193DCA21423D8AF8D33CABE6633D6B37233D209976BD0EB0B43AB4DE6F3DFCF3ADBC7EDC943D8A103DBA6F5090BD570E40BD578A09BDB25979BDB4FC863D1C8126BDA86254BD062A48BA6E3E983C79763F3D872300BDFCAE0B3DEBF119BDA17033BB5E71493D4A8FBB3C802E533DFD08313DC0426A3CC84D343D642D4BBC15C299BCC88BA0BDAB60993BC58CABBC9BC9D13B3D39FDBBC2222DBBC31F6C3DD6171EBC4D7F5EBC536C633C12AE2B3D6F67273C37E0D13C7B7D9CBA70D0E7BC543FC33C474BE53CD1927D3A89DFA8BC9E6594BC753BAF3DF950BE3B088AE43B18FD5F3BB95D6FBC62D365BD1DC49F3DFF48F33CA0C5E8BCD53843BD70A4DD3A657A82BDA026543AD87D6F3CA92BC03D13D30FBD751C943CC433F93BEE65013D3688E53D019338BDD5D3CCBB4D7E10BD4B7A06BC248E403DDFCE1FBD2B4915BD954C393D0C8FCBBC42E950BDA6887E3C32527C3DAA46353DB197B93C1EA39DBC525227BD2F11503CCE8AB5BDED3C953C119FC73CA9A38A3CC45469BC9C61893CDFDC09BD6FFCA43B80A9B33C8571133C1A951BBD71E1963D7A0615BD5B56F4BC044AF53CA7DE473CD7FEE5BC8A04B73CCDE4753D0E72B9BC5082E9BCC8596B3DC9CD893C8456563BDE84FD3BC9992EBD61D6AABCAE50293D7B93D8BB561E653BD832253CB80AA6BC88B8603D23F82C3D224CCD3DA59D313D5FCED0BC719D3EBD76A413BD68D6643D8A4E30BD8548A4BD443082BBAB48E93BBA59B53B1AD910BDFED50FBC984CC1BB2142AA3BB524BC3B7C3ECD3BCBBA06BD6A5208BD8FE3923D3338F6BC286788BD778A873D9025C0BD7DADBEBB11EAA0BADB5A373D34C064BDF2A9483D212603BD4FAC403D53A3E2BAC699D8BD0F8C063D7F7788BB8FC1283D027BD8BDAB604A3C6EF5E7BC50E92C3DF8E933BDEBD8F8BC5DAB78BD6D0C6DBDFECF273DCD1937BC30D995BB2B66463BA242613C3263DC3CCA9D363D4EE56EBCFE6E19BDE1E356BD7C6A9B3C3C1B55BD1CAD0ABD9DC5B63D862B023D017456BDDBCA2CBD2901993DD4205ABDA37FCEBD97DBB6BC6EDE093CCD14D33C55BF02BD3D5C873B265675BCE5862D3D13DC4EBDCE47AB3C2ACBAF3DD6D0B0BB615204BDAB3AB33BEFFE2C3C52778E3C27CF843D62107BBD07B8C63CF5288A3BACC3963D92D1103DBFF41D3D5A2D983D25CAD0BCDB9ACCBC5299293C489149BC5907163D16E8043D414D08BD7C4861BD9810033D69F3C53C8DFDB0BC9F419D3B76DB8FBDE45EF8BC9AD892BD62865BBD76706D3B1B0E85BD3CA994B9ABEE6CBD3091263D00365B3D4B6615BDC3CA6CBAA489CCBC27FD02BD58B235BD5377A93D640CCEBB7BC5EBBD2ECCF5BDE71B89BCAD673ABDF7CB413C205CAABDD320CF3CB0F746BC7163383DA6A5B43CE09D043D91F5973C48EDA3BC6E64243C8D2C58BC3491D2BB4C8E763C50D00D3DC7E86E3DE4F3ACBD93068A3D8B7A02BD348197BD47C9D3BC20AA623DBBE02BBDFCD8C4BC996DC23C10348D3D, 'oSiRq5Rda5XvLFWMtrSDXemqZpnw');
INSERT INTO `user` VALUES (41, 12138, 'pbkdf2:sha256:260000$ClAFTMzQAk8DvahR$c114f6f7fd46af256e921ba968818a8caf502bc3914bb47b38651d3184113712', 'gongyuandaye', 0, 1, '2023-03-24 14:59:33', NULL, 2, 0x72D18A3D44CA643CDEB3DB3CBCBAF2BDFF49993DB1184F3C886C9EBBF395A63B324665BD7D814DBD0CDB5BBCAA33A6BCD7048ABDF873A93DE48BDE3D62B131BD92A36C3D080706BD7E6AAD3C308354BAD1A5803DA63A783C743B433BCEF437BDE8EE093D224F023D67C687BDDF04453D993AA7BD1809923DAA2FB03CD245463D946725BD7BE8663C8B2776BD5592093DC79462BA52FD843DEA5A183DD08D0B3DD1619DBB9D8F40BD2B9035BC1CB5573DEEB513BD4FD0843D91ABCBBCC61BC2BDC7C2433D313ACC3B298093BCD3D9223D81CC2EBD1DCA3ABCAE45653D57F0ABBCC57DA9BA5A454DBDF0610CBC720FB23A422B753DA64A663BFE0F3EBD7C548BBCB053C13C206B773C6FEEC9BBFF13C13C6640223D1AA88C3D48341D3C51C90B3C6E35D73AB9B048BD21A4013D78B347BD5310E23C57C5A5BC10B8B63C1E3EB0BBE6F040BD796061BD4070CEBCCD9801BC3121613D73F4B63B13B23CBD86B94F3CC19AAC3C4408B9BCD0F4753DD06929BD3A47383D543417BD82D6BABD7B8694BC8133733C0C37DE3CAEDA80BDD30F0B3BF27678BD7574D5BC4AF9073D924F03BD49B01D3D870DBDBB745E183D0C4F833D21FE36BBA782723DF39C76BD1FED7BBD8C4409BDFF1C743DEAC0C0BC5ED06F3CFE2F473C31A74EBDF835ECBB2E43303D92CDF33C6A0E5E3C55D886BDB8EA7B3DEC5BD3BC012D22BCB0654D3DF1BA0C38B6B195BDC92B623D2AE90F3C247A693D1F35BEBC48D61DBC2CBA883C64CD623BDB275B3CFCC7983AA51A323D0934C73CFED113BDC80C9ABCFD23A3BDC8AF243BFC8175BC46D84A3D56DF6D3C393DCB3C7F539ABA7FF49FBDE519D83B95D1B6BC3D768C3CD68A96BC787113BD40EDA73D3AF95A3D47E4AF3C1EEB6EBDC8A63CBBEFBF7D3DE2D829BD2842D63C1F8D123DD6FFDBBBC6A15FBDF62DD53C137352BDF569563C2F04E1BC9143FDBC20089B3C1BBF95BD6C870DBD6AEE97BBE343253DF4D41F3E598C2B3DCD5EC73DCE5EA53D9C7EA43D8DE68ABCE365FDBCFBA5AFBCDF0A4B3DE91DFDBCAC5A79BDF9100DBDA9C5273C5490F2BCFD909FBD5FEEBF3CA4C8863D1743C9BC566CA2BDAD4838BDC614F03CBE1505BD11D19FBBE44778BCAE8E18BCCD73F43CEFD82E3D6AD08C3C5C2B2C3D799055BC231579BC1FE0203D57366F3DDF2D14BC6693E4BC5149773DDBC3F1BCAB8EF53C3A60963A8862AC3C6BBA9BBC71781EBD1EED11BD98FD18BC04760DBDCA3BCDBC6A9AE2BB31FB3D3C9F2B0C3D2BA7BEBCEDD6373DF8BF62BD8A19D53D012D2ABDE4EA0B3DB49F6ABC05BA80BDD380843D0CEA37BDCC3998BC26D14BBD3B752F3DC4A58CBDCD50E43BCBC1833D1029013D81CC22BD42A0CCBCCC0CFB3C16A4E13C1A6353BBC0B7B53CC3A1E5BC4A9309BD3049E43DF8B4FCBCC6384C3DF1B0D8BCD14DADBD0893CDBCA087FBBC9917EDBCE18E483C13C0023D0B4442BD1CF5043D0E5F8DBC5DBE603D6DEEC93C6010EF3C5A5F45BB3D0384BD24BE9E3D9B0B913CA9649BBC0C93803A6858333CE56CE2BB35148D3CBB99A1BC8CCF31BD236FB1BDF72805BD4F09133D629FC2BB1A8D4F3D938802BDF528F9BB07193BBCDC9BEBBBDB9B3B3CCC7F96BDA55798BC1AB0D63C7F5C7F3D847AAB3B8AE9013D3DA6A53B8375CA3C16F68BBB4374623B8C73C6BC163B4F3D7FFEDF3C9C530F3CE7BD593D376DB93D1C5110BD1B74B1BD8E794CBCE8A5D43C8CBD013CB3F1B13DA44DCFBCA952F73D6BC470BDED24903CC04E333DB54C783DA663FA3C189489BC53CDAABC108B78BABD7B093E1F683E3D1F1EBDBA385D373DD0E6BF3C75BD89BD7330BEBDCC7DE3BCCE0D4F3DCC82043D1BA5E83B079FE2BC726909BD064F613CFF46D3BD4CFFD93B9C0392BB50DC343BA57905BD4271F83D12FDC5BC2F50E4BBDFA7B63C952B093D8D96A2BB53BA253D5522EDBD92EC193DE8AF8D3D7DFC0B3DE32530BD18ABAD3D4D95C03C755D10BD21FA9DBB96B18FBCEA707B3CFBDB163D9381093D3CA3CFBB96843ABC1FBC463D67F3423C4625FABCBFF9413D80B896BD404B5D3D25F631BCCB22423D9AA452BCD2D1BEBCCB4E2CBD9AA325BDC04BE2BCB15416BC2839533D28644EBD183D143C44165A3B25AC513D327189BC6DC498BB7D9CB7BC4B5BAB3CAABAD03DF73D4E3CFD92953C09BE573D39A7AFBD6D11003C53D9443D18AC34BD272238BBB525E83C2EC8503D8C35293DFC7E4E3DB44053BD0D55263D57E87BBC2E720DBD4D5ED0BD460A3A3D4B54693D014352BD105CD4BC8E6F89BDB8B1423CB9FC4FBC605926BD6FAA5E3C3ABCE3BC6111413DF69C1CBD0320E1BB33B7583D6A6B4ABD34BE6FBB43A4DEBC3700B43C09872FBDE74A9CBC04A7AA3DBB2F83BC71CEE1BDBA8BB93DB3D6F3BA8F7393BCD0BB40BCEFD5B33D1718EFBCA26A7DBDE34A4EBDF293813DB698C43C9A99A1BDC92DE2BCFDD13FBD79B81B3CF09239BD60532BBCC1F40A3A1A33493BA2EB94BD64BEEA3D794188BC65A49DBC2A378EBCE55D53BC832C7B3D29EA1C3A2DF3A43D04F9153DDB57BE3CB988763DB72C403AE48F463C41E211BC0D7936BDB2349FBB4CAF5C3B88C0CABC6B9C2CBD6ACDFF3CD7E91D3D98368E3C130494BDC33A75BD5B85643DA02609BDC8C732BD0FCB1DBCDDB4103ABC0E9B3BE701C13C2ED65D3D75242C3A72B08E3C26592BBD1C3104BD59A7B13CF25F103D0861123CD8237EBCF0D8A3BD53B806BDD9253B3CF4E1BD3BD8A6863D280E06BD8910203DF5E35DBCBAB42ABC08F6DF399031993CD6AFFB3CBC76A83D42200ABDB2668DBCD602093CDDFED03C61CCCC3D038E923D60C2F33C5916BC3BDF2E38BDA36E09BDE7E977BD4931FABC61FC76BDEAEAC9BB634CE83BAB328D3D, 'oSiRq5RkxIs7IDzMCzR_n7-UWaeQ');
INSERT INTO `user` VALUES (42, 8, 'pbkdf2:sha256:260000$ZmmLXFHi0SVq8n9H$9a908208c5743373455007363f8a45c5b69dbba039421275ca0f41e2560ff450', 'zxy', 0, 1, '2023-03-24 15:00:32', NULL, 2, 0xE739403D3FC8A63CCB5D9E3D67C6BCBD759F0B3C4FBC89BCB738553BCBDF103DFB854FBD2E3759BD4FF569BC1377923CAACB1ABDEA74E43D19B44F3D0D0D64BD8EB7BE3D156E75BD0DB4D13CE37FA33A67CC313DE52DC2BC81EF3FBDAD4593BD2FB03F3D79610FBC7487CCBCBDAFC8BCEEEFFEBCEFD6563C0DA98E3B7108913D444523BDA379833CBD1F69BD540C053D3159393D42D4973DD5246AB8867F49BD2065E43B18BF3CBD85C8FFBBB2871D3C5DB1363AC9A3433D41128FBC44F76BBD9C95113D88FC22BDC2EFB43C76EDCFBC64550EBDCD3820BD4C86E63C81C7A8BCB468083C7A8A973CEA38B5BC6C60B9BAB81FA13D8D43D1BA074AB2BC9AE0903BE1660C3C327A0EBD6F0A0DBC8CEA393C67813FBDE694883D881E153B3BBC703C335BF5BA003907BDC13E3E3D86DC91BD46B7103D36DFDA3CC774A33B9304EDBBE64231BD1FAADFBCBB01B4BDBC1BD4BC75BB1B3DBAF1353DC8E696BBB4B3093D3B69B9BCC7ABB5BC6F86143CA9A90EBC2A9E763DA152823C07E98CBDFD7BA1BD03FEA73C4482B93B40BB2EBD25AFA03CCCAC00BDAF1C26BC1D93813CB61101BD9B04A03D0FC0C73C1054393D783C4E3D782450BC09A28E3D8EC508BD523D53BD3E2E963C5686D13C2E29E0BC343D0D3C82BB2EBB1D37B9BDEFE92C3C730CD63C8729573D18525D3CE39B83BD35B0D33CEA16F13BD2CD923C67F65F3CBBA0723C63C7B8BD61F8BF3D598AB7BC57A6963D6BB43E3C88B0353C88E8F33C178F483C0CF3A93CD21749BC1070363CA7FA583D31EEBFBCFBD543BD016469BD954A663D14F293BD6E45583DE93F2B3D2A8982BCEE8E82BCB9E63EBD51E9FB3CAE586ABC355F643D2F3A0EBD7FA9F2BC802FBD3CA7A0683D53A590BC95BC9DBD5C2595BC2D93883D569653BD298778BBB64FEB3B1481243C91E086BC745560BC56049EBD22A5BBBCC3650A3DBDAAE73C74EA4C3DF5DC0BBEBADF1DB806BB9FBD7E93BE3B9A24B03D374BF33C8151183D9484123EDA7EDF3D180682B9502CA53C73E74EBC9118743C2CD54DB96FBA0DBDD09C80BD70B526BD702BC23BB91C6BBDEBA9763D97D8593D9C5C353D8BD560BD0C8232BDB4074A3CD94A5BBDC5AF0ABCA09357BBBB33383D30C0253D1866233AB110723C5B0E393D12A699BD3965443D7D23D53C78965E3DF8BF103D8D68C73C2CC48C3DEAE4F63C9D2905BBE05D2F3CAF6B1D3D57831ABDDFD7A6BC0A3E30BD9958133C1E7FCA3C58359EBC7B0D17BD2B7802BD6C2086BB6B8DAC3A5233273D96671FBD70BF513D854CF83BFAF7EC3C4F7DF9BC034C78BD61DCCB3D42B588BC454575BD7DE3CBBCD819F63C022F25BD8645003D137F8C3DBA15563DE02DD3BC72D2833D4826DC3C407A483D45FA283DE924753CA00221BC9EE575BD4911913D9DA7D4BC7C5F523D4FBC38BD67B059BD238236BDB1D530BD6DA674BDF07C933D251D41BDDCA732BDE9CA8EBB01240EBC2B7EEA3C1D6962BD2ECA433DB5D5ACBD13398FBD1F51663D1DDC1F3CCFEA433DD2DC04BA37450A3C8163BF3BF763833C7464BC3C0A66EFBC1A4743BDB86D44BDAB13DE3B10AAA93B6C57193D4FC78D3CBFF44EBC9C7023BD814768BB4289553D725793BCED01DCBC1C648C3DC75788BC4A98B73CDFC28EBCCBB867BB38CEAA3C9DF037BDDF1D0E3D7F8E763C62753C3D32EB253D04FD833C593F813D6D67D43DDBC8D4BA74519DBD0D98D13B2C69103D748156BD78729D3D0247ACBC945BAA3D7042FAB90D88B73C4C6A7F3DCB8E9B3D4D962F3D65F110BD59A54CBDC0EB13BC50F342BC16493B3D27F931BB6F66663DDFE8BE3B90BA78BC9035C0BD34BF16BD8F74A43D95B23E3DBA736ABA944119BDF8EF7CBD293821BDB93DFBBDD0510A3A47D769BCA1C5A3BBE1B7333C2C62B73DA6CE27BDA5B89EBA675C1D3D21A9563DBEF294BCDF82A63D42D8A8BDC405BE3CA7E1573DF480C33C2F2717BD1475DF3C95D1B43CDFBF063CE73C3DBDEE009DBC9AEDD13AA65DA63BAA7A813C5E5FD2BCF576123BB63B613D2D8A03BB3ABE79BD4A240F3DFB38A4BDA35B503CB5F497BD67367A3D0B7BA9BB447748BD1EE139BDA4F144BD1DA803BDF686BEBCC2B8A1BAD3F312BD86C93B3CF378003DF8810D3D64D1123C955D053DEFD665BDCD2A6C3DF453A93D6734443B534BE73C8D2E373D0F2D37BDE35ED1BC18A4A13CC591C3BC5075CBBC5D4E5DBDA890053D5CB0083D633A803C68A721BDF76D4E3D347D0CBD95F76DBDE8376EBDA6CC823DF12E6C3CD2C88DBD929FA4BC524C75BDB8B6413D19972EBD3BACB5BDA74E8C3CB2697DBD58D18E3D116A5EBDA4FE26BC8F16BFBB8AF616BDB533A3BC1EA8D338519B753C35A438BD7828C53B71594E3D035E14BD3C2F2FBD90BD603D6B6D9A3DFED97EBC38CBC4BCF5B1DE3C2FBE16BD601793BDCC7581BD10B8073D15218B3D54F1CBBC7AFAC03C470183BC8888953D03CC88BDFF59013D67B447BCE546C7BCD35A72BD6CB4103DF14C8BBDC1DF033A98F2CF3C0D5405BDCE12973D025D21BCB4F6CC3C4AB41D3D661282BC2BC4A73DC6EE93BD3CFE7FBD3E40E1384FE2F83B0499DCBCB149353DD1E0433C239456BD03408D3C038BC53D00E03B3D7AF3DCBC700519BD65A11D3DFBCC90BDD443D6BC7FAAE5390C9C86BC9971973CF0AC1EBDF20F753CF809603DAA051D3D5116D7BCB935203CAD2DAB3CDD07E83CAA81973D5A668EBD9F4500BE6A4279BD7144593CA8106DBD95F14F3D0D43BCBD691454BB4E91D0BCF594A9BCCB1B0DBB6B86453D8A8AB93A3728C03A94960BBD541A84BD6BAD91BC3585C63CDD69D23D2319153DCB30F93C591253BC5F69A4BCC79429BD609F32BD5B0BF13B848F24BC8DD575BC58C3943B3E748D3D, 'oSiRq5VWMZOsDWKnZzuWw5LGPno0');
INSERT INTO `user` VALUES (43, 9943, 'pbkdf2:sha256:260000$EkFmcqCAgdraHpXM$f9d9b4db87b62f72fd935c3a10e1d0550cc125084b92d77ccf1503fcec13e104', 'new', 0, 2, '2023-03-24 15:23:10', NULL, 6, NULL, '');
INSERT INTO `user` VALUES (44, 16789, 'pbkdf2:sha256:260000$ISZworlhdeFkCmMM$192954c4fc1fa4d2e36ddfef92f637e2888e0e0a456a245d384b839f363e2fde', 'new', 0, 2, '2023-03-24 17:24:28', 1679649903, 1, NULL, '');
INSERT INTO `user` VALUES (45, 1699, 'pbkdf2:sha256:260000$R67KvaDseMD3unHj$f8282290527f5994026dc4f8498df81f0352d3ebb31786edb195239640a7f036', 'shirley', 0, 1, '2023-03-24 17:41:45', NULL, 1, 0xC450023EC5C6803D0D1075BC26D3AABD93FEA63BEAEA923C91D4F4BC6D5320BCCC5F3F3D6E3010BCE2F24BBD55E6543C0B5351BDD33D973C1A9E9B3D396F93BC7D14C33C0B8F8DBD57A430BD679C653CAF8B433C8F63593C3CCA31BC66C07CBDA72E7C3DD6532F3DE960D9BB05FF25BC1B7305BDE508AD3D0B369B3C7DE95D3DAE8C6DBD1F0C653DE7E3A5BCA6008ABBEC01863D46E5203DD27C86BBDD1EA93CCB3413BD6B1A41BD46BB173D79CCD33CCC6DA73AA2F60F3D048A8F3CE5EDA3BD57C03A3C57402FBD11878E3DCDA2413C98EBA3BD20D2B63B32B4F53BCBE673BCD29E583B6E1C83BDBDC7F63B1EAF1DBCAE08933D1FF51FBD31106DBDC032ECBB6417CC3BCA8BA3BC8AC7DE3B26809C3DDB508CBC3D9E8CBAA69277BC04A704BBB650B4BD780893BDBE50B63CCDE1A9BCC5A59B3C927638BD6F94BABBD611913A551E77BD75DFC8BDAEB8A9BD2E36913BD8D2103D330E19BB7ECE743D776CAC3C64E1F8BBC89FC9BC274A5E3D6494343BB06B3C3D0F3929BD8B9F32BD004EA33BC0F50BBAC82B543DC99883BB9E25173D0C8A303D413AAEBD496F363D337BD23CA050783DF8C0D03C29D5A53B08F201BD1A5C0C3D3A0632BCE8367BBD7C62953C3629B9BB54F9423D2BB6193D4B585F3DF2DE90BC0D143BBDEC967EBC05EAE73CB468C33C2A4D923CC7AC65BC0D7EA03C19EA66BD6D88B93B4BC04F3D9C5E6CBD8550C0BCBA9CA03D86ABADBD2099ACBA62706ABC59F0153DA5A5633DCB2F24BC63897ABC46A20E3DC9AF92BB4A00973CF6FD8CBD80871ABC738EF63C41E7D63877AFC03CA6E16BBC214B3A3C77A8E4BCD019CBBCD676383D845F5BBB2316E0BC57BAAE3DD3ED64BD1DDA7FBD7B5C633C96B7CA3B8D4118BC1ED70DBD34C1B8BCF7485D3C7B6108BD68BFEE3B20F825BD352B673CFA2E263CE2A5153B5908E8BC4DB81BBC5BE77CBC3B65C13B5CC2673CD606BEBD777F2DBDBBABBDBD3132923DF4D6113E198EC33D26A26B3DF480993DC908043EF2E371BD79749EBCD6ADC5BD99A009BDEBE7293DD05A8CBDD7943E3AC55B153B95E4DFBB0898A1BB30B5523D0700F23A2B61F7BBD56988BD69CA983C3CFF493D4BDAAFBC1F8ACF3B19C774BD3247C93C24448BBC4DB6173D6A2DC5BC3B564FBCF3FF1CBDD3ED433CFE7EE83C5E721E3C48AC12BD549DCD3CFE760D3DCF0C683C3C81013D4635E63B8E83883DFC1C24BD64A5D63C383B183DA1B60B3C4A4EE1BAA37A093DCEFAA5BD0F5BAD3B18D8223D180FFF3A4E80903DAC3D5EBC562DC13D69A1573DA42B043BD879FABD20C4B8BD0E72CF3C9AB08CBC4FF5EDBCF120FD3B5B2B8E3D8006DDBC4ABA97BC7BB41A3D4805E53CF38B44BD70D382BC5116683D19F6AABC13B591BB4F51893B8152353D72669DBCCE52993D41B52A3CC5F5613ADB4C4DBDFE06A1BD389AB539298476BC9996643C7C2F41BBDD652F3DA86473BDDE5B8BBD8727A93C62DF21BC4847DE3C3B07873D320404BEF5122FBC03BE0E3D6595053DBFE9FF3DFE2D9E3DA322C3BC390E33BD36D175BCFE8E49BD65A43BBDCEE1D03CE50197BC34220CBD485D523D934B7E3C65E3B23C030F9DBDBA46223DAB9DB6BB47C4933B8398C3BC1BD4F23C525DF53C30D5BA3D500D1ABD58A413BD9CC8723CDA0C053C2945B7BDB241043C49E913BC2E391EBB7AEDBDBC4C55723DC825D03BDE58913D0AE7883D9E8713BD49EFEFBC3939803C4B3765BCD492823D6CE1513C244E653D90DA1ABD4ADA7A3CF998B63BC4061E3D4C9D453DC2FDD6BC754EB4BC1DBD923C5580903DAF713A3D7B718FBC0A5A873BF743083E8BA13C3B531FECBC07732B3D857DA4BCFD95333DD0CD78BD2549113CE7DADEBC4F13363DB35458BBA780FF3B2302383D719B313D6EB2BD3C165A9D3D2F263C3CA6AED03C693E113DA139B8BC64B5ECBC7C35773D91096ABDC66CCB3D4F41753C47146C3DB1B586BDDE12943D908B913CD85274BDA3129BBDD649503DC4922A3D930CD13C7EF8A5BD8C5BC3BCB735C3BCFE9B1BBD72458D3CFC320DBDD56DF83C5091C9BDFC91DC3B6D4D813C7520D63BB68E493DD2A59CBC0B581E3C0F3EBA3B2C385D3C451A3F3D940F08BDBAD7D1BBEB9D02BC90C212BD9C22563D07F3CD3C1E33D7BC000A0EBDB1F49F3C2712AF3D1AE95F3D309D263C73BF1F3DDB33E2BC807D02BD3331983D9EECBCBDDD0FCABDEE2D6A3C29FFE13D084027BC1081B03D2A1B7EBDB5D6063DE006DA3B2B6FA53A8E5ABCBC83DA28BDA842EB3C89EC9EBDC09A39BD39A71DBDAB19A63DF6CB89BD79D44D3DC1700C3C970AC2BCEFA7B73CCE5B78BD21066CBCB99B54BBF8CF803C0C1A3FBDD221ACBC945648BC39FDBEBB846549BB8B64EC3C73EC36BC11D4CFBCA789B03D7FCAC0BB98FB15BCE8B782BCA751773D6A10C0BBC0D0973C17CFDBBCAAEC8D3CB0746BBC357E4FBC7A7A09BCC83DACBC042C8F3CBEBBC0BC2724E03CA6878CBC1B539E3A8EC48B3C2C819F3D5FF3D8BC911E113C5F9E8D3C75AB51BC7464223D9844B63C35E440BC6D848E3DCCF4FB3C1F12033D354334BDBACCD43BFF57F2B9561A453B6CCA60BC9A12DE3B74D54CBD68A4E63C7B566E3D3669A6BC72AE6A3BA91761BD50E315BCC2B43F3DD1C884BDA4D9BFBDBE4D4D3AFFBB12BD85EF02BDB190DF3C6AB70A3C47BC843DA7F21ABD2C51A43ACF9043BDBB85083D355A6CBD192931BBCD35833C307897BD5971723A28F6E2B9B8A2E3BC48681FBDA3FD2DBD7181763D218D2B3C67CDD63DC790A8BD596D88BBF1A282BC2675503D5E58073DD051AABC0105443BBC95FCBCFB70613D8304AA3B99BB7E39A8C8C9BDE274813900783BBD0E4718BD89EB853DC48C91BCF6AD563D19F2443C97AEC63D, 'oSiRq5ZSm7x63WlQfpwUcsk-XYrM');

SET FOREIGN_KEY_CHECKS = 1;
